线路,站名,坐标,全地名,总时间/分,时间1/分,距离1/千米,行走距离1/千米,费用1/元,夜班1,时间2/分,距离2/千米,行走距离2/千米,费用2/元,夜班2
七号线,南村万博,"113.347555,23.004769",广东省广州市番禺区万博地铁站,0,0,0,0,0,0,0,0,0,0,0
三号线,广州塔,"113.323618,23.106375",广东省广州市海珠区广州塔地铁站,73.8833333333,45.8833333333,16.066,0.651,5.0,0,28.0,5.944,0.236,4.0,0
APM,广州塔,"113.323618,23.106375",广东省广州市海珠区广州塔地铁站,73.8833333333,45.8833333333,16.066,0.651,5.0,0,28.0,5.944,0.236,4.0,0
三号线,大塘,"113.321677,23.077974",广东省广州市海珠区大塘地铁站,73.9166666667,41.6166666667,12.991,0.647,5.0,0,32.3,9.015,0.236,5.0,0
三号线,沥滘,"113.319077,23.054898",广东省广州市海珠区沥滘地铁站,74.0,38.7166666667,10.594,0.647,4.0,0,35.2833333333,11.434,1.372,4.0,0
三号线,珠江新城,"113.320988,23.119410",广东省广州市天河区珠江新城地铁站,76.1833333333,50.95,17.716,0.865,6.0,0,25.2333333333,3.465,0.346,2.0,0
五号线,珠江新城,"113.320988,23.119410",广东省广州市天河区珠江新城地铁站,76.1833333333,50.95,17.716,0.865,6.0,0,25.2333333333,3.465,0.346,2.0,0
三号线,石牌桥,"113.332124,23.133135",广东省广州市天河区石牌桥地铁站,76.7666666667,54.3833333333,20.529,1.022,4.0,0,22.3833333333,2.188,1.372,2.0,0
五号线,潭村,"113.345949,23.117366",广东省广州市天河区潭村地铁站,77.9,53.25,19.742,0.648,6.0,0,24.65,1.872,0.824,2.0,0
三号线,客村,"113.320716,23.096099",广东省广州市海珠区客村地铁站,78.7166666667,46.4333333333,14.99,0.817,5.0,0,32.2833333333,7.377,1.541,3.0,0
八号线,客村,"113.320716,23.096099",广东省广州市海珠区客村地铁站,78.7166666667,46.4333333333,14.99,0.817,5.0,0,32.2833333333,7.377,1.541,3.0,0
四号线,车陂南,"113.324479,23.131384",广东省广州市天河区南地铁站,79.0333333333,54.3833333333,18.975,0.985,6.0,0,76,2.52,0.447,2.0,0
五号线,车陂南,"113.324479,23.131384",广东省广州市天河区南地铁站,79.0333333333,54.3833333333,18.975,0.985,6.0,0,24.65,2.52,0.447,2.0,0
APM,天河南,"113.324479,23.131384",广东省广州市天河区天河南地铁站,79.0333333333,54.3833333333,18.975,0.985,6.0,0,24.65,2.52,0.447,2.0,0
三号线,厦滘,"113.317909,23.038531",广东省广州市番禺区厦滘地铁站,79.6166666667,36.4833333333,7.558,1.018,2.0,0,43.1333333333,13.559,1.758,5.0,0
五号线,猎德,"113.332105,23.118539",广东省广州市天河区猎德地铁站,79.8666666667,59.7666666667,16.867,0.493,4.0,0,20.1,2.458,0.158,2.0,0
APM,花城大道,"113.324718,23.119223",广东省广州市天河区花城大道地铁站,80.1666666667,55.5333333333,18.037,1.186,6.0,0,24.6333333333,3.243,0.418,2.0,0
七号线,员岗,"113.365641,23.015962",广东省广州市番禺区员岗地铁站,80.9666666667,27.7,2.316,0.532,2.0,0,53.2666666667,23.083,0.268,8.0,0
十三号线,南岗,"113.365641,23.015962",广东省广州市番禺区番禺区员岗地铁站,80.9666666667,27.7,2.316,0.532,2.0,0,53.2666666667,23.083,0.268,8.0,0
五号线,员村,"113.363663,23.115768",广东省广州市天河区员村地铁站,82.8666666667,55.8333333333,21.362,0.643,7.0,0,27.0333333333,3.701,0.556,2.0,0
一号线,体育中心,"113.324309,23.134281",广东省广州市天河区体育中心地铁站,83.15,59.6333333333,19.343,1.353,6.0,0,23.5166666667,2.441,0.368,2.0,0
APM,体育中心南,"113.324309,23.134281",广东省广州市天河区体育中心南地铁站,83.15,59.6333333333,19.343,1.353,6.0,0,23.5166666667,2.441,0.368,2.0,0
三号线,汉溪长隆,"113.332310,22.992780",广东省广州市番禺区汉溪长隆地铁站,83.5166666667,31.3833333333,5.184,0.319,2.0,0,52.1333333333,18.81,0.816,7.0,0
七号线,汉溪长隆,"113.332310,22.992780",广东省广州市番禺区汉溪长隆地铁站,83.5166666667,31.3833333333,5.184,0.319,2.0,0,52.1333333333,18.81,0.816,7.0,0
七号线,钟村,"113.316980,22.986437",广东省广州市番禺区钟村地铁站,84.85,33.6333333333,6.808,0.189,4.0,0,51.2166666667,20.234,1.6,6.0,0
十四号线,红卫,"113.330297,23.081578",广东省广州市海珠区红卫,85.35,47.8833333333,12.661,0.84,3.0,0,37.4666666667,7.177,0.536,2.0,0
一号线,体育西路,"113.321443,23.131137",广东省广州市天河区体育西路地铁站,85.3666666667,63.3666666667,20.786,0.698,6.0,0,22.0,3.309,0.176,2.0,0
三号线,体育西路,"113.321443,23.131137",广东省广州市天河区体育西路地铁站,85.3666666667,63.3666666667,20.786,0.698,6.0,0,22.0,3.309,0.176,2.0,0
三号线(北延段),体育西路,"113.321443,23.131137",广东省广州市天河区体育西路地铁站,85.3666666667,63.3666666667,20.786,0.698,6.0,0,22.0,3.309,0.176,2.0,0
八号线,中大,"113.292863,23.092124",广东省广州市海珠区中大地铁站,87.65,50.8833333333,17.901,0.647,6.0,0,36.7666666667,10.289,1.372,4.0,0
三号线,天河客运站,"113.343702,23.170673",广东省广州市天河区天河客运站地铁站,87.7333333333,59.8,26.017,0.648,7.0,0,27.9333333333,6.732,1.372,3.0,0
六号线,天河客运站,"113.343702,23.170673",广东省广州市天河区天河客运站地铁站,87.7333333333,59.8,26.017,0.648,7.0,0,27.9333333333,6.732,1.372,3.0,0
八号线,赤岗,"113.332275,23.096125",广东省广州市海珠区赤岗地铁站,87.85,56.75,14.007,1.189,3.0,0,31.1,5.516,0.473,2.0,0
三号线,岗顶,"113.339758,23.134214",广东省广州市天河区岗顶地铁站,88.0,57.45,20.983,0.974,7.0,0,30.55,2.026,1.124,2.0,0
八号线,新港东,"113.357010,23.098722",广东省广州市海珠区新港东地铁站,88.0666666667,51.8666666667,18.321,0.647,6.0,0,36.2,7.679,0.445,4.0,0
三号线,华师,"113.345349,23.140306",广东省广州市天河区华师地铁站,88.4,63.9666666667,19.622,0.859,6.0,0,24.4333333333,2.508,1.505,2.0,0
二号线,南洲,"113.297850,23.063878",广东省广州市海珠区南洲地铁站,89.4166666667,46.25,14.127,0.533,2.0,0,43.1666666667,11.119,0.399,2.0,0
五号线,五羊邨,"113.314249,23.119843",广东省广州市越秀区五羊邨地铁站,89.9666666667,63.6333333333,19.3,2.608,5.0,0,26.3333333333,4.075,0.494,2.0,0
APM,海心沙,"113.314249,23.119843",广东省广州市越秀区地铁站,89.9666666667,63.6333333333,19.3,2.608,5.0,0,26.3333333333,4.075,0.494,2.0,0
三号线(北延段),林和西,"113.323947,23.141525",广东省广州市天河区林和西地铁站,90.1666666667,62.95,20.014,0.86,3.0,0,27.2166666667,4.534,1.372,2.0,0
APM,林和西,"113.323947,23.141525",广东省广州市天河区林和西地铁站,90.1666666667,62.95,20.014,0.86,3.0,0,27.2166666667,4.534,1.372,2.0,0
四号线,大学城南,"113.400557,23.043313",广东省广州市番禺区大学城南地铁站,90.4,46.0666666667,15.106,0.183,6.0,0,44.3333333333,17.815,0.271,7.0,0
七号线,大学城南,"113.400557,23.043313",广东省广州市番禺区大学城南地铁站,90.4,46.0666666667,15.106,0.183,6.0,0,44.3333333333,17.815,0.271,7.0,0
八号线,磨碟沙,"113.341285,23.098689",广东省广州市海珠区磨碟沙地铁站,90.5333333333,55.2666666667,16.505,0.523,5.0,0,35.2666666667,9.309,1.372,4.0,0
三号线,大石,"113.320645,23.016786",广东省广州市番禺区大石地铁站,91.0333333333,38.6666666667,5.694,0.624,2.0,0,52.3666666667,15.985,1.088,7.0,0
APM,大剧院,"113.324460,23.116138",广东省广州市天河区大剧院地铁站,91.0333333333,63.3166666667,18.356,2.608,7.0,0,27.7166666667,3.459,0.634,2.0,0
一号线,杨箕,"113.307692,23.127284",广东省广州市越秀区杨箕地铁站,91.15,65.8333333333,20.526,2.608,5.0,0,25.3166666667,3.903,0.432,2.0,0
五号线,杨箕,"113.307692,23.127284",广东省广州市越秀区杨箕地铁站,91.15,65.8333333333,20.526,2.608,5.0,0,25.3166666667,3.903,0.432,2.0,0
十四号线,新南,"113.389561,23.115930",广东省广州市天河区车碑南地铁站,91.2166666667,58.65,19.62,2.38,5.0,0,32.5666666667,5.675,0.635,2.0,0
七号线,谢村,"113.295832,22.990579",广东省广州市番禺区谢村地铁站,91.3833333333,36.9,8.988,0.189,4.0,0,54.4833333333,22.414,1.6,6.0,0
二号线,洛溪,"113.298795,23.043076",广东省广州市番禺区洛溪地铁站,91.45,40.4833333333,9.909,0.676,2.0,0,50.9666666667,15.302,1.396,3.0,0
七号线,板桥,"113.388139,23.016845",广东省广州市番禺区板桥地铁站,91.5333333333,41.1833333333,11.753,0.183,5.0,0,50.35,21.169,0.271,8.0,0
四号线,官洲,"113.376846,23.066862",广东省广州市海珠区官洲地铁站,91.7333333333,51.85,19.003,0.183,7.0,0,39.8833333333,13.918,0.271,6.0,0
三号线,五山,"113.352100,23.152322",广东省广州市天河区五山地铁站,92.0166666667,65.9166666667,21.18,0.723,6.0,0,26.1,4.227,1.461,2.0,0
APM,黄埔大道,"113.324490,23.127054",广东省广州市天河区黄埔大道地铁站,92.4333333333,67.0,21.413,1.906,4.0,0,25.4333333333,2.243,0.83,2.0,0
八号线,琶洲,"113.368879,23.098397",广东省广州市海珠区琶洲地铁站,92.85,61.2666666667,19.164,0.502,5.0,0,31.5833333333,7.994,0.388,2.0,0
二号线,昌岗,"113.276885,23.090654",广东省广州市海珠区昌岗地铁站,93.0333333333,52.3833333333,16.124,0.721,5.0,0,40.65,12.156,1.372,4.0,0
八号线,昌岗,"113.276885,23.090654",广东省广州市海珠区昌岗地铁站,93.0333333333,52.3833333333,16.124,0.721,5.0,0,40.65,12.156,1.372,4.0,0
三号线(北延段),京溪南方医院,"113.326126,23.185225",广东省广州市白云区京溪南方医院地铁站,93.5666666667,60.1833333333,25.199,0.651,7.0,0,33.3833333333,9.924,0.233,5.0,0
三号线(北延段),梅花园,"113.320202,23.174978",广东省广州市天河区梅花园地铁站,94.1333333333,60.45,23.979,0.803,7.0,0,33.6833333333,8.706,0.387,5.0,0
四号线,大学城北,"113.385625,23.058098",广东省广州市番禺区大学城北地铁站,94.1833333333,52.4666666667,17.725,0.354,7.0,0,41.7166666667,12.579,0.375,2.0,0
二号线,东晓南,"113.294174,23.071333",广东省广州市海珠区东晓南地铁站,94.2833333333,47.3333333333,13.023,0.717,4.0,0,46.95,15.253,1.372,5.0,0
四号线,万胜围,"113.383904,23.098037",广东省广州市海珠区万胜围地铁站,94.4666666667,59.65,22.975,0.475,7.0,0,34.8166666667,9.341,0.369,2.0,0
八号线,万胜围,"113.383904,23.098037",广东省广州市海珠区万胜围地铁站,94.4666666667,59.65,22.975,0.475,7.0,0,34.8166666667,9.341,0.369,2.0,0
一号线,广州东站,"113.324729,23.150336",广东省广州市天河区广州东站地铁站,94.5833333333,65.4666666667,20.541,0.89,3.0,0,29.1166666667,4.054,0.687,4.0,0
三号线(北延段),广州东站,"113.324729,23.150336",广东省广州市天河区广州东站地铁站,94.5833333333,65.4666666667,20.541,0.89,3.0,0,29.1166666667,4.054,0.687,4.0,0
三号线,市桥,"113.361610,22.948959",广东省广州市番禺区市桥地铁站,95.9166666667,43.0833333333,12.256,0.536,5.0,0,52.8333333333,25.204,0.355,8.0,0
一号线,公园前,"113.264824,23.125000",广东省广州市越秀区公园前地铁站,96.2,61.4833333333,20.27,0.773,6.0,0,34.7166666667,8.14,0.554,5.0,0
二号线,公园前,"113.264824,23.125000",广东省广州市越秀区公园前地铁站,96.2,61.4833333333,20.27,0.773,6.0,0,34.7166666667,8.14,0.554,5.0,0
APM,妇儿中心,"113.324558,23.122553",广东省广州市天河区妇儿中心地铁站,96.3666666667,70.8666666667,19.368,3.309,5.0,0,25.5,2.504,0.687,2.0,0
八号线,鹭江,"113.307242,23.095506",广东省广州市海珠区鹭江地铁站,96.8166666667,62.5666666667,17.285,2.746,5.0,0,34.25,6.811,0.403,2.0,0
四号线,车陂,"113.395548,23.124465",广东省广州市天河区车陂地铁站,96.95,60.3,20.827,2.38,6.0,0,36.65,7.413,1.744,3.0,0
广佛线,祖庙,"113.280570,23.082231",广东省广州市海珠区江泰路地铁站,97.1666666667,50.4833333333,15.085,0.721,5.0,0,46.6833333333,14.764,1.372,4.0,0
广佛线,南桂路,"113.280570,23.082231",广东省广州市海珠区江泰路地铁站,97.1666666667,50.4833333333,15.085,0.721,5.0,0,46.6833333333,14.764,1.372,4.0,0
广佛线,千灯湖,"113.280570,23.082231",广东省广州市海珠区江泰路地铁站,97.1666666667,50.4833333333,15.085,0.721,5.0,0,46.6833333333,14.764,1.372,4.0,0
九号线,清㘵,"113.280570,23.082231",广东省广州市海珠区江泰路地铁站,97.1666666667,50.4833333333,15.085,0.721,5.0,0,46.6833333333,14.764,1.372,4.0,0
二号线,石壁,"113.277964,22.994136",广东省广州市番禺区石壁地铁站,97.3666666667,39.9,10.93,0.189,5.0,0,57.4666666667,19.256,0.457,5.0,0
七号线,石壁,"113.277964,22.994136",广东省广州市番禺区石壁地铁站,97.3666666667,39.9,10.93,0.189,5.0,0,57.4666666667,19.256,0.457,5.0,0
三号线(北延段),燕塘,"113.327132,23.159980",广东省广州市天河区燕塘地铁站,97.7166666667,68.75,22.953,2.608,6.0,0,28.9666666667,6.511,0.231,4.0,0
六号线,燕塘,"113.327132,23.159980",广东省广州市天河区燕塘地铁站,97.7166666667,68.75,22.953,2.608,6.0,0,28.9666666667,6.511,0.231,4.0,0
广佛线,季华园,"113.327132,23.159980",广东省广州市天河区地铁站,97.7166666667,68.75,22.953,2.608,6.0,0,28.9666666667,6.511,0.231,4.0,0
五号线,东圃,"113.401562,23.109392",广东省广州市天河区东圃地铁站,97.9333333333,62.6,21.217,2.38,6.0,0,35.3333333333,9.893,0.271,5.0,0
五号线,动物园,"113.307131,23.134670",广东省广州市越秀区动物园地铁站,98.0166666667,69.4333333333,21.687,2.721,6.0,0,28.5833333333,4.387,0.418,2.0,0
一号线,东山口,"113.295373,23.123980",广东省广州市越秀区东山口地铁站,99.0833333333,68.7333333333,22.857,2.608,6.0,0,30.35,6.442,1.372,3.0,0
六号线,东山口,"113.295373,23.123980",广东省广州市越秀区东山口地铁站,99.0833333333,68.7333333333,22.857,2.608,6.0,0,30.35,6.442,1.372,3.0,0
二号线,江泰路,"113.279980,23.082325",广东省广州市海珠区江泰路地铁站,99.6333333333,51.7166666667,15.172,0.808,5.0,0,47.9166666667,14.851,1.459,4.0,0
二号线,纪念堂,"113.263431,23.132179",广东省广州市越秀区纪念堂地铁站,100.083333333,61.2833333333,20.867,0.721,6.0,0,38.8,10.318,1.372,4.0,0
二号线,市二宫,"113.270313,23.106070",广东省广州市海珠区市二宫地铁站,100.333333333,59.9333333333,20.232,0.674,5.0,0,40.4,10.334,0.587,5.0,0
四号线,新造,"113.415625,23.028073",广东省广州市番禺区新造地铁站,100.966666667,52.0166666667,17.741,0.319,7.0,0,48.95,20.45,0.407,7.0,0
二号线,江南西,"113.273125,23.096475",广东省广州市海珠区江南西地铁站,101.783333333,57.3,17.172,0.953,5.0,0,44.4833333333,11.582,0.737,5.0,0
二号线,会江,"113.286394,23.013047",广东省广州市番禺区会江地铁站,102.15,48.1,13.575,0.725,4.0,0,54.05,16.914,0.457,5.0,0
二号线,南浦,"113.269261,22.988720",广东省广州市番禺区南浦地铁站,102.683333333,42.5666666667,12.141,0.231,5.0,0,60.1166666667,20.465,0.499,6.0,0
八号线,晓港,"113.281883,23.093066",广东省广州市海珠区晓港地铁站,103.083333333,64.0333333333,18.855,1.211,4.0,0,39.05,11.479,1.372,4.0,0
五号线,区庄,"113.296034,23.134279",广东省广州市越秀区区庄地铁站,103.133333333,72.0,22.311,0.897,6.0,0,31.1333333333,4.774,0.431,2.0,0
六号线,区庄,"113.296034,23.134279",广东省广州市越秀区区庄地铁站,103.133333333,72.0,22.311,0.897,6.0,0,31.1333333333,4.774,0.431,2.0,0
五号线,淘金,"113.286549,23.136365",广东省广州市越秀区淘金地铁站,104.383333333,71.55,23.48,2.608,6.0,0,32.8333333333,5.951,0.286,2.0,0
一号线,农讲所,"113.275602,23.126623",广东省广州市越秀区农讲所地铁站,104.483333333,72.45,24.952,2.608,6.0,0,32.0333333333,6.975,0.502,4.0,0
四号线,黄村,"113.407069,23.132112",广东省广州市天河区黄村地铁站,105.583333333,64.6,22.554,2.549,6.0,0,40.9833333333,9.14,1.913,3.0,0
三号线,番禺广场,"113.385437,22.935537",广东省广州市番禺区番禺广场地铁站,106.066666667,48.1333333333,16.06,0.59,6.0,0,57.9333333333,29.013,0.414,9.0,0
四号线,黄阁,"113.385413,22.935556",广东省广州市番禺区黄阁地铁站,106.066666667,48.1333333333,16.06,0.59,6.0,0,57.9333333333,29.013,0.414,9.0,0
二号线,越秀公园,"113.260671,23.140549",广东省广州市越秀区越秀公园地铁站,106.1,65.3666666667,21.901,0.889,6.0,0,40.7333333333,9.782,0.662,5.0,0
一号线,烈士陵园,"113.283603,23.126130",广东省广州市越秀区烈士陵园地铁站,107.183333333,74.6333333333,24.256,2.885,6.0,0,32.55,6.455,0.368,2.0,0
五号线,三溪,"113.416003,23.104181",广东省广州市天河区三溪地铁站,107.933333333,67.6,23.048,2.541,6.0,0,40.3333333333,11.724,0.432,6.0,0
五号线,小北,"113.276905,23.139424",广东省广州市越秀区小北地铁站,108.666666667,73.5666666667,24.564,2.608,6.0,0,35.1,6.901,0.218,2.0,0
广佛线,魁奇路,"113.276905,23.139424",广东省广州市越秀区地铁站,108.666666667,73.5666666667,24.564,2.608,6.0,0,35.1,6.901,0.218,2.0,0
广佛线,金融高新区,"113.313499,23.151661",广东省广州市天河区地铁站,109.9,78.0,20.812,2.068,3.0,0,31.9,6.531,0.251,2.0,0
八号线,凤凰新村,"113.256390,23.095006",广东省广州市海珠区凤凰新村地铁站,112.066666667,62.6,19.531,0.894,5.0,0,49.4666666667,15.559,1.541,5.0,0
五号线,鱼珠,"113.433266,23.101103",广东省广州市黄埔区鱼珠地铁站,112.366666667,69.8166666667,24.73,2.503,6.0,0,42.55,13.406,0.394,6.0,0
十三号线,鱼珠,"113.433266,23.101103",广东省广州市黄埔区鱼珠地铁站,112.366666667,69.8166666667,24.73,2.503,6.0,0,42.55,13.406,0.394,6.0,0
八号线,宝岗大道,"113.269700,23.086027",广东省广州市海珠区宝岗大道地铁站,112.733333333,69.9333333333,22.021,2.608,6.0,0,42.8,13.24,1.372,4.0,0
广佛线,虫雷 岗,"113.269700,23.086027",广东省广州市海珠区地铁站,112.733333333,69.9333333333,22.021,2.608,6.0,0,42.8,13.24,1.372,4.0,0
一号线,西门口,"113.255830,23.125219",广东省广州市越秀区西门口地铁站,113.65,75.95,26.843,2.608,6.0,0,37.7,9.194,0.321,5.0,0
五号线,大沙地,"113.446074,23.103227",广东省广州市黄埔区大沙地地铁站,113.666666667,70.4666666667,26.021,2.38,6.0,0,43.2,14.697,0.271,7.0,0
一号线,黄沙,"113.239856,23.110524",广东省广州市荔湾区黄沙地铁站,113.716666667,70.85,26.017,0.59,6.0,0,42.8666666667,12.111,0.308,5.0,0
六号线,黄沙,"113.239856,23.110524",广东省广州市荔湾区黄沙地铁站,113.716666667,70.85,26.017,0.59,6.0,0,42.8666666667,12.111,0.308,5.0,0
广佛线,桂城,"113.239856,23.110524",广东省广州市荔湾区地铁站,113.716666667,70.85,26.017,0.59,6.0,0,42.8666666667,12.111,0.308,5.0,0
一号线,长寿路,"113.241752,23.118048",广东省广州市荔湾区长寿路地铁站,113.95,70.95,25.176,0.721,6.0,0,43.0,12.517,1.503,4.0,0
六号线,黄花岗,"113.299907,23.141128",广东省广州市越秀区黄花岗地铁站,114.716666667,79.55,24.764,2.608,6.0,0,35.1666666667,6.457,0.395,2.0,0
四号线,石碁,"113.465198,22.957262",广东省广州市番禺区石碁地铁站,115.333333333,59.2,27.646,0.214,8.0,0,56.1333333333,30.355,0.302,9.0,0
广佛线,燕岗,"113.271988,23.075142",广东省广州市海珠区燕岗地铁站,115.733333333,67.65,16.009,0.083,4.0,0,48.0833333333,13.88,0.171,2.0,0
六号线,天平架,"113.321353,23.159525",广东省广州市天河区天平架地铁站,116.016666667,77.3333333333,23.468,2.608,6.0,0,38.6833333333,7.565,0.278,2.0,0
三号线(北延段),同和,"113.325987,23.196998",广东省广州市白云区同和地铁站,116.183333333,77.9666666667,27.902,2.815,7.0,0,38.2166666667,11.462,0.44,5.0,0
广佛线,同济路,"113.325987,23.196998",广东省广州市白云区同和地铁站,116.183333333,77.9666666667,27.902,2.815,7.0,0,38.2166666667,11.462,0.44,5.0,0
二号线,飞翔公园,"113.263752,23.168915",广东省广州市白云区飞翔公园地铁站,116.6,69.55,25.623,0.722,7.0,0,47.05,15.073,1.372,4.0,0
六号线,沙河顶,"113.306967,23.147276",广东省广州市天河区沙河顶地铁站,117.566666667,80.6166666667,25.737,2.608,6.0,0,36.95,7.795,0.234,2.0,0
六号线,团一大广场,"113.277989,23.117837",广东省广州市越秀区团一大广场地铁站,117.7,81.1166666667,25.457,2.664,6.0,0,36.5833333333,7.477,0.252,2.0,0
三号线(北延段),永泰,"113.306295,23.220226",广东省广州市白云区永泰地铁站,118.35,79.0666666667,31.446,2.608,7.0,0,39.2833333333,15.004,0.231,6.0,0
六号线,东湖,"113.288583,23.115102",广东省广州市越秀区东湖地铁站,118.383333333,78.3833333333,24.292,2.608,6.0,0,40.0,7.877,1.372,3.0,0
八号线,沙园,"113.259726,23.089011",广东省广州市海珠区沙园地铁站,120.083333333,73.6166666667,23.277,2.708,6.0,0,46.4666666667,14.496,1.472,5.0,0
广佛线,沙园,"113.259726,23.089011",广东省广州市海珠区沙园地铁站,120.083333333,73.6166666667,23.277,2.708,6.0,0,46.4666666667,14.496,1.472,5.0,0
六号线,长湴,"113.349435,23.178502",广东省广州市天河区长湴地铁站,120.133333333,81.3166666667,26.418,2.608,6.0,0,38.8166666667,7.987,1.485,3.0,0
二号线,海珠广场,"113.265232,23.114591",广东省广州市越秀区海珠广场地铁站,120.166666667,74.9833333333,25.87,2.472,6.0,0,45.1833333333,9.58,0.521,4.0,0
六号线,海珠广场,"113.265232,23.114591",广东省广州市越秀区海珠广场地铁站,120.166666667,74.9833333333,25.87,2.472,6.0,0,45.1833333333,9.58,0.521,4.0,0
十四号线,镇龙北,"113.298178,23.222382",广东省广州市白云区白云大道北地铁站,121.25,80.5166666667,32.315,2.608,7.0,0,40.7333333333,15.873,0.231,6.0,0
五号线,文冲,"113.469004,23.103796",广东省广州市黄埔区文冲地铁站,122.4,74.8333333333,28.495,2.38,7.0,0,47.5666666667,17.171,0.271,7.0,0
二号线,三元里,"113.257092,23.159128",广东省广州市越秀区三元里地铁站,122.416666667,73.8166666667,26.603,0.856,6.0,0,48.6,13.948,1.642,4.0,0
一号线,陈家祠,"113.246726,23.125436",广东省广州市荔湾区陈家祠地铁站,122.45,80.4166666667,27.922,2.804,6.0,0,42.0333333333,11.507,1.568,4.0,0
四号线,海傍,"113.475507,22.940031",广东省广州市番禺区海傍地铁站,122.816666667,62.45,30.009,0.264,9.0,0,60.3666666667,30.628,1.825,7.0,0
广佛线,沙涌,"113.247092,23.083973",广东省广州市荔湾区沙涌地铁站,122.833333333,68.7333333333,21.034,0.551,4.0,0,54.1,16.821,1.707,5.0,0
一号线,花地湾,"113.234030,23.087055",广东省广州市荔湾区花地湾地铁站,122.966666667,75.45,28.887,0.59,6.0,0,47.5166666667,16.228,1.372,5.0,0
二号线,广州火车站,"113.256603,23.148143",广东省广州市越秀区广州火车站地铁站,123.066666667,80.6333333333,29.429,2.38,6.0,0,42.4333333333,12.282,1.372,4.0,0
五号线,广州火车站,"113.256603,23.148143",广东省广州市越秀区广州火车站地铁站,123.066666667,80.6333333333,29.429,2.38,6.0,0,42.4333333333,12.282,1.372,4.0,0
六号线,北京路,"113.270268,23.118730",广东省广州市越秀区北京路地铁站,124.316666667,82.5166666667,26.53,2.38,6.0,0,41.8,8.538,0.578,2.0,0
广佛线,普君北路,"113.270268,23.118730",广东省广州市越秀区地铁站,124.316666667,82.5166666667,26.53,2.38,6.0,0,41.8,8.538,0.578,2.0,0
六号线,如意坊,"113.231208,23.114978",广东省广州市荔湾区如意坊地铁站,124.583333333,72.4333333333,23.029,0.725,7.0,0,52.15,14.377,1.372,5.0,0
广佛线,菊树,"113.212863,23.065868",广东省广州市荔湾区菊树地铁站,125.45,69.6833333333,25.325,0.721,7.0,0,55.7666666667,20.605,1.372,6.0,0
二号线,白云文化广场,"113.275602,23.189574",广东省广州市白云区白云文化广场地铁站,125.8,74.15,28.398,0.722,7.0,0,51.65,17.848,1.372,5.0,0
三号线(北延段),龙归,"113.300834,23.288736",广东省广州市白云区龙归地铁站,125.8,76.3333333333,39.453,0.648,9.0,0,49.4666666667,24.173,0.225,8.0,0
四号线,低涌,"113.484809,22.919557",广东省广州市番禺区低涌地铁站,125.983333333,64.5333333333,32.442,0.224,9.0,0,61.45,35.151,0.312,10.0,0
二号线,嘉禾望岗,"113.289243,23.237460",广东省广州市白云区嘉禾望岗地铁站,126.283333333,83.0833333333,34.419,2.608,7.0,0,43.2,17.971,0.225,7.0,0
三号线(北延段),嘉禾望岗,"113.289243,23.237460",广东省广州市白云区嘉禾望岗地铁站,126.283333333,83.0833333333,34.419,2.608,7.0,0,43.2,17.971,0.225,7.0,0
十三号线,裕丰围,"113.454626,23.097206",广东省广州市黄埔区裕丰围,126.55,76.9,27.395,2.69,7.0,0,49.65,16.071,0.581,7.0,0
六号线,植物园,"113.365686,23.190164",广东省广州市天河区植物园地铁站,126.8,84.65,28.781,2.608,7.0,0,42.15,10.35,1.485,3.0,0
五号线,西场,"113.238056,23.137381",广东省广州市荔湾区西场地铁站,128.1,81.9,29.61,2.608,7.0,0,46.2,10.515,0.316,2.0,0
广佛线,朝安,"113.238056,23.137381",广东省广州市荔湾区地铁站,128.1,81.9,29.61,2.608,7.0,0,46.2,10.515,0.316,2.0,0
六号线,一德路,"113.257106,23.112900",广东省广州市越秀区一德路地铁站,128.3,82.95,26.622,2.404,6.0,0,45.35,10.136,0.441,5.0,0
一号线,坑口,"113.232631,23.078395",广东省广州市荔湾区坑口地铁站,128.75,78.35,29.933,0.668,6.0,0,50.4,17.274,1.45,5.0,0
二号线,江夏,"113.283451,23.211301",广东省广州市白云区江夏地铁站,129.1,78.4666666667,30.945,0.722,8.0,0,50.6333333333,20.791,1.372,5.0,0
二号线,黄边,"113.287376,23.221645",广东省广州市白云区黄边地铁站,129.1,80.5833333333,32.173,0.722,8.0,0,48.5166666667,19.563,1.372,5.0,0
广佛线,澜石,"113.283451,23.211301",广东省广州市白云区地铁站,129.1,78.4666666667,30.945,0.722,8.0,0,50.6333333333,20.791,1.372,5.0,0
二号线,白云公园,"113.269833,23.180739",广东省广州市白云区白云公园地铁站,129.916666667,76.2166666667,27.602,1.001,7.0,0,53.7,17.052,1.651,5.0,0
广佛线,鹤洞,"113.240153,23.072495",广东省广州市荔湾区鹤洞地铁站,130.6,78.8666666667,26.87,2.608,6.0,0,51.7333333333,18.089,1.372,5.0,0
广佛线,龙溪,"113.192391,23.066029",广东省广州市荔湾区龙溪地铁站,130.733333333,72.3666666667,27.172,0.721,7.0,0,58.3666666667,21.205,0.308,7.0,0
十三号线,双岗,"113.475788,23.093990",广东省广州市黄埔区双岗地铁站,130.733333333,79.0,29.117,2.671,7.0,0,51.7333333333,17.793,0.562,7.0,0
三号线(北延段),机场北（2号航站楼）,"113.270261,23.082640",广东省广州市海珠区地铁昌岗站,131.416666667,79.2833333333,22.675,3.262,6.0,0,52.1333333333,13.894,2.026,4.0,0
六号线,龙洞,"113.377520,23.190960",广东省广州市天河区龙洞地铁站,131.466666667,86.9833333333,30.254,2.608,7.0,0,44.4833333333,11.823,1.485,4.0,0
五号线,中山八,"113.232727,23.126046",广东省广州市荔湾区中山八地铁站,132.6,84.4166666667,31.085,2.608,7.0,0,48.1833333333,13.627,0.481,6.0,0
一号线,西朗,"113.231978,23.065437",广东省广州市荔湾区西朗地铁站,132.8,81.0666666667,28.272,2.608,6.0,0,51.7333333333,18.739,1.372,5.0,0
广佛线,西朗,"113.231978,23.065437",广东省广州市荔湾区西朗地铁站,132.8,81.0666666667,28.272,2.608,6.0,0,51.7333333333,18.739,1.372,5.0,0
四号线,东涌,"113.478928,22.885635",广东省广州市南沙区东涌地铁站,133.55,67.8166666667,36.07,0.203,9.0,0,65.7333333333,36.689,1.764,8.0,0
六号线,河沙,"113.217405,23.135576",广东省广州市荔湾区河沙地铁站,134.283333333,77.2833333333,26.066,0.725,7.0,0,57.0,17.414,1.372,5.0,0
二号线,萧岗,"113.280411,23.199008",广东省广州市白云区萧岗地铁站,134.366666667,78.8666666667,29.787,0.906,8.0,0,55.5,22.317,1.556,5.0,0
六号线,柯木塱,"113.395991,23.193462",广东省广州市天河区柯木塱地铁站,136.766666667,89.6333333333,32.013,2.608,7.0,0,47.1333333333,13.582,1.485,4.0,0
六号线,文化公园,"113.248985,23.109271",广东省广州市荔湾区文化公园地铁站,137.016666667,86.4833333333,27.756,2.523,6.0,0,50.5333333333,12.51,1.515,4.0,0
四号线,庆盛,"113.490456,22.866999",广东省广州市南沙区庆盛地铁站,138.283333333,70.1833333333,38.552,0.183,10.0,0,68.1,39.171,1.744,8.0,0
五号线,坦尾,"113.218387,23.125234",广东省广州市荔湾区坦尾地铁站,138.65,86.95,32.562,2.608,7.0,0,51.7,15.184,0.437,6.0,0
六号线,坦尾,"113.218387,23.125234",广东省广州市荔湾区坦尾地铁站,138.65,86.95,32.562,2.608,7.0,0,51.7,15.184,0.437,6.0,0
十三号线,南海神庙,"113.497526,23.083857",广东省广州市黄埔区南海神庙,139.133333333,83.2,32.133,2.715,7.0,0,55.9333333333,20.809,0.606,7.0,0
五号线,大沙东,"113.208347,23.113744",广东省广州市荔湾区大沙东地铁站,139.733333333,85.0833333333,32.376,0.85,7.0,0,54.65,17.04,0.546,6.0,0
一号线,芳村,"113.235252,23.096547",广东省广州市荔湾区芳村地铁站,141.666666667,88.1333333333,28.556,0.724,6.0,0,53.5333333333,15.452,1.948,5.0,0
十三号线,夏园,"113.518977,23.083038",广东省广州市黄埔区夏园地铁站,143.0,85.1333333333,34.132,2.665,7.0,0,57.8666666667,22.808,0.556,8.0,0
三号线(北延段),白云大道北,"113.293678,23.225884",广东省广州市白云区白云大道北地铁站,145.016666667,92.4,33.147,3.44,7.0,0,52.6166666667,16.705,1.063,6.0,0
五号线,滘口,"113.208500,23.114207",广东省广州市荔湾区滘口地铁站,145.4,90.8166666667,34.494,2.669,7.0,0,54.5833333333,17.036,0.542,6.0,0
五号线,科韵路,"113.208384,23.113801",广东省广州市荔湾区科韵路地铁站,145.533333333,90.8833333333,34.498,2.673,7.0,0,54.65,17.04,0.546,6.0,0
四号线,黄阁汽车城,"113.509719,22.835812",广东省广州市南沙区黄阁汽车城地铁站,146.35,74.2166666667,42.75,0.183,10.0,0,72.1333333333,43.369,1.744,9.0,0
四号线,塘坑,"113.230689,23.064640",广东省广州市荔湾区地铁站,147.166666667,88.25,28.775,3.111,6.0,0,58.9166666667,19.242,1.875,5.0,0
六号线,黄陂,"113.433738,23.188379",广东省广州市黄埔区黄陂地铁站,147.85,95.1833333333,35.741,2.608,8.0,0,52.6666666667,17.31,1.485,5.0,0
六号线,金峰,"113.451182,23.181468",广东省广州市黄埔区金峰地铁站,153.85,98.1833333333,37.81,2.608,8.0,0,55.6666666667,19.379,1.485,5.0,0
六号线,沙贝,"113.211397,23.152430",广东省广州市白云区沙贝地铁站,156.216666667,96.0833333333,34.803,2.38,7.0,0,60.1333333333,19.557,1.372,5.0,0
四号线,蕉门,"113.527534,22.800590",广东省广州市南沙区蕉门地铁站,156.25,79.7333333333,47.483,0.21,11.0,0,76.5166666667,50.181,0.287,11.0,0
六号线,横沙,"113.206791,23.158187",广东省广州市白云区横沙地铁站,159.583333333,97.7666666667,35.689,2.38,7.0,0,61.8166666667,20.443,1.372,6.0,0
五号线,西村,"113.234600,23.147956",广东省广州市白云区西村地铁站,162.366666667,98.7833333333,30.153,3.902,7.0,0,63.5833333333,12.778,1.734,5.0,0
四号线,金洲,"113.538551,22.792211",广东省广州市南沙区金洲地铁站,162.616666667,82.9166666667,49.44,0.28,11.0,0,79.7,52.138,0.357,12.0,0
六号线,浔峰岗,"113.201941,23.164110",广东省广州市白云区浔峰岗地铁站,163.05,99.5,36.611,2.38,7.0,0,63.55,21.365,1.372,6.0,0
六号线,高塘石,"113.201845,23.163807",广东省广州市白云区高塘石地铁站,164.983333333,100.466666667,36.679,2.448,7.0,0,64.5166666667,21.433,1.44,6.0,0
十三号线,白江,"113.595312,23.122146",广东省广州市增城区白江地铁站,165.266666667,96.2666666667,44.457,2.594,9.0,0,69.0,33.133,0.485,9.0,0
六号线,暹岗,"113.202647,23.163017",广东省广州市白云区暹岗地铁站,167.45,101.766666667,36.77,2.539,7.0,0,65.6833333333,16.126,0.246,4.0,0
六号线,苏元,"113.468534,23.170935",广东省广州市黄埔区苏元地铁站,167.566666667,105.033333333,40.461,2.8,8.0,0,62.5333333333,22.03,1.677,6.0,0
十三号线,新沙,"113.253439,22.988047",广东省广州市番禺区新沙,170.466666667,71.45,14.261,2.108,2.0,0,99.0166666667,23.188,3.222,6.0,0
三号线(北延段),机场南（1号航站楼）,"113.275162,23.199098",广东省广州市白云区机场宿舍,171.416666667,105.233333333,37.132,3.312,7.0,0,66.1833333333,23.065,2.304,5.0,0
四号线,广隆,"113.540463,22.772345",广东省广州市南沙区广隆地铁,172.783333333,88.0,52.368,0.385,11.0,0,84.7833333333,55.066,0.462,12.0,0
六号线,萝岗,"113.481032,23.175684",广东省广州市黄埔区萝岗地铁站,173.233333333,107.866666667,41.917,2.84,8.0,0,65.3666666667,23.486,1.717,6.0,0
六号线,香雪,"113.501197,23.172409",广东省广州市黄埔区香雪地铁站,178.866666667,111.866666667,45.73,2.872,9.0,0,67.0,25.277,1.636,6.0,0
四号线,大涌,"113.554751,22.759979",广东省广州市南沙区大涌地铁站,179.816666667,90.95,54.723,0.415,12.0,0,88.8666666667,55.342,1.976,10.0,0
四号线,南横,"113.594335,22.747912",广东省广州市南沙区南横地铁站,188.133333333,95.6833333333,58.731,0.427,12.0,0,92.45,61.429,0.504,13.0,0
九号线,飞鹅岭,"113.471832,22.976455",广东省广州市番禺区飞鹅岭,195.6,97.5,27.966,3.088,9.0,0,98.1,35.303,1.974,12.0,0
十三号线,沙村,"113.563421,23.114920",广东省广州市增城区沙村,203.0,115.133333333,42.674,4.192,8.0,0,87.8666666667,31.35,2.083,9.0,0
二号线,广州南站,"113.406828,22.804050",广东省广州市南沙区广州南站地铁站,217.1,103.683333333,33.781,1.061,9.0,0,113.416666667,46.729,0.88,12.0,0
七号线,广州南站,"113.406828,22.804050",广东省广州市南沙区广州南站地铁站,217.1,103.683333333,33.781,1.061,9.0,0,113.416666667,46.729,0.88,12.0,0
十四号线,镇龙,"113.295995,23.335224",广东省广州市白云区人和地铁站,233.4,178.0,51.541,1.391,7.0,0,55.4,29.754,0.242,9.0,0
三号线(北延段),人和,"113.295962,23.335088",广东省广州市白云区人和地铁站,234.816666667,178.133333333,51.551,1.401,7.0,0,56.6833333333,29.844,0.332,9.0,0
十三号线,新塘,"113.605406,23.132084",广东省广州市增城区新塘地铁站,238.633333333,167.766666667,60.298,3.154,18.0,0,70.8666666667,34.655,0.462,9.0,0
广佛线,东平,"113.309138,23.248353",广东省广州市白云区东平,245.583333333,167.55,39.395,2.249,6.0,0,78.0333333333,22.27,1.792,7.0,0
九号线,花都广场,"113.222830,23.401329",广东省广州市花都区花都广场地铁站,250.816666667,173.016666667,57.199,2.576,17.0,0,77.8,42.723,0.346,10.0,0
九号线,马鞍山公园,"113.238054,23.399074",广东省广州市花都区马鞍山公园地铁站,251.283333333,172.666666667,56.868,2.55,17.0,0,78.6166666667,41.501,0.559,10.0,0
三号线(北延段),高增,"113.295504,23.355162",广东省广州市白云区高增地铁站,253.5,195.483333333,54.34,2.077,8.0,0,58.0166666667,32.066,0.233,9.0,0
九号线,高增,"113.295504,23.355162",广东省广州市白云区高增地铁站,253.5,195.483333333,54.34,2.077,8.0,0,58.0166666667,32.066,0.233,9.0,0
四号线,飞沙角,"113.541127,22.781676",广东省广州市南沙区飞沙角地铁站,254.266666667,171.7,45.255,3.075,6.0,0,82.5666666667,53.774,0.424,12.0,0
九号线,清塘,"113.262626,23.372282",广东省广州市花都区清塘地铁站,255.45,186.2,59.194,1.796,9.0,0,69.25,36.693,0.398,9.0,0
广佛线,世纪莲,"113.213584,23.380105",广东省广州市花都区地铁站,266.05,182.45,60.226,1.848,8.0,0,83.6,45.846,0.425,11.0,0
九号线,花城路,"113.213584,23.380105",广东省广州市花都区地铁站,266.05,182.45,60.226,1.848,8.0,0,83.6,45.846,0.425,11.0,0
九号线,莲塘,"113.213584,23.380105",广东省广州市花都区地铁站,266.05,182.45,60.226,1.848,8.0,0,83.6,45.846,0.425,11.0,0
九号线,花果山公园,"113.218350,23.387476",广东省广州市花都区花果山公园地铁站,266.216666667,181.266666667,57.013,3.177,9.0,0,84.95,44.858,0.66,10.0,0
九号线,花都汽车城,"113.180249,23.379957",广东省广州市花都区花都汽车城地铁站,270.183333333,182.983333333,56.188,2.561,10.0,0,87.2,49.131,0.325,11.0,0
广佛线,新城东,"113.559545,22.759620",广东省广州市南沙区新城,272.5,99.35,55.311,1.003,12.0,0,173.15,61.832,0.809,10.0,0
四号线,南沙客运港,"113.612077,22.769901",广东省广州市南沙区客运港,273.133333333,174.233333333,52.41,2.076,9.0,0,98.9,64.617,0.744,13.0,0
九号线,广州北站,"113.204609,23.376170",广东省广州市花都区广州北站地铁站,283.666666667,187.116666667,57.798,3.323,10.0,0,96.55,45.227,0.538,16.0,0
十四号线,汤村,"113.566130,23.304730",广东省广州市黄埔区汤村,290.533333333,167.7,62.087,3.007,12.0,0,122.833333333,41.634,1.771,9.0,0
十四号线,旺村,"113.552212,23.322472",广东省广州市黄埔区旺村地铁站,296.266666667,168.5,57.499,2.997,12.0,0,127.766666667,43.991,1.8,9.0,0
十四号线,何棠下,"113.541580,23.339873",广东省广州市黄埔区何棠下村,313.4,177.066666667,60.083,3.21,12.0,0,136.333333333,46.575,2.013,9.0,0
十四号线,知识城,"113.524304,23.350036",广东省广州市黄埔区知识城地铁站,317.616666667,179.166666667,62.157,2.973,12.0,0,138.45,48.649,1.776,9.0,0
十四号线,枫下,"113.508182,23.363585",广东省广州市黄埔区枫下地铁站,321.583333333,179.983333333,73.723,3.216,12.0,0,141.6,57.308,1.98,10.0,0
十三号线,官湖,"113.634045,23.137286",广东省广州市增城区官湖地铁站,361.816666667,174.733333333,58.868,1.01,9.0,0,187.083333333,47.173,3.239,4.0,0
